<?xml version="1.0" encoding="UTF-8"?>
<wordcount>
   <word word="the" frequency="101"/>
   <word word="of" frequency="75"/>
   <word word="in" frequency="48"/>
   <word word="a" frequency="41"/>
   <word word="to" frequency="38"/>
   <word word="1803" frequency="37"/>
   <word word="i" frequency="25"/>
   <word word="and" frequency="24"/>
   <word word="is" frequency="23"/>
   <word word="for" frequency="17"/>
   <word word="with" frequency="17"/>
   <word word="his" frequency="15"/>
   <word word="my" frequency="14"/>
   <word word="southey" frequency="12"/>
   <word word="which" frequency="12"/>
   <word word="he" frequency="12"/>
   <word word="it" frequency="11"/>
   <word word="have" frequency="11"/>
   <word word="by" frequency="10"/>
   <word word="william" frequency="10"/>
   <word word="edinburgh" frequency="9"/>
   <word word="will" frequency="9"/>
   <word word="that" frequency="9"/>
   <word word="review" frequency="9"/>
   <word word="as" frequency="9"/>
   <word word="not" frequency="9"/>
   <word word="him" frequency="9"/>
   <word word="1804" frequency="8"/>
   <word word="from" frequency="8"/>
   <word word="an" frequency="8"/>
   <word word="has" frequency="8"/>
   <word word="or" frequency="8"/>
   <word word="be" frequency="8"/>
   <word word="dnb" frequency="8"/>
   <word word="you" frequency="7"/>
   <word word="but" frequency="7"/>
   <word word="been" frequency="7"/>
   <word word="me" frequency="7"/>
   <word word="s" frequency="6"/>
   <word word="on" frequency="6"/>
   <word word="their" frequency="6"/>
   <word word="good" frequency="6"/>
   <word word="henry" frequency="5"/>
   <word word="john" frequency="5"/>
   <word word="letter" frequency="5"/>
   <word word="had" frequency="5"/>
   <word word="make" frequency="5"/>
   <word word="very" frequency="5"/>
   <word word="some" frequency="5"/>
   <word word="dates" frequency="5"/>
   <word word="unknown" frequency="5"/>
   <word word="1802" frequency="5"/>
   <word word="life" frequency="5"/>
   <word word="if" frequency="5"/>
   <word word="there" frequency="5"/>
   <word word="herbert" frequency="4"/>
   <word word="see" frequency="4"/>
   <word word="its" frequency="4"/>
   <word word="was" frequency="4"/>
   <word word="next" frequency="4"/>
   <word word="what" frequency="4"/>
   <word word="1801" frequency="4"/>
   <word word="yet" frequency="4"/>
   <word word="no" frequency="4"/>
   <word word="they" frequency="4"/>
   <word word="annual" frequency="4"/>
   <word word="james" frequency="4"/>
   <word word="travels" frequency="4"/>
   <word word="late" frequency="4"/>
   <word word="literature" frequency="4"/>
   <word word="poems" frequency="4"/>
   <word word="poem" frequency="4"/>
   <word word="little" frequency="4"/>
   <word word="23" frequency="3"/>
   <word word="public" frequency="3"/>
   <word word="published" frequency="3"/>
   <word word="letters" frequency="3"/>
   <word word="london" frequency="3"/>
   <word word="12" frequency="3"/>
   <word word="upon" frequency="3"/>
   <word word="something" frequency="3"/>
   <word word="your" frequency="3"/>
   <word word="certain" frequency="3"/>
   <word word="would" frequency="3"/>
   <word word="jeffrey" frequency="3"/>
   <word word="3" frequency="3"/>
   <word word="tho" frequency="3"/>
   <word word="taylor" frequency="3"/>
   <word word="wrote" frequency="3"/>
   <word word="more" frequency="3"/>
   <word word="any" frequency="3"/>
   <word word="who" frequency="3"/>
   <word word="history" frequency="3"/>
   <word word="journal" frequency="3"/>
   <word word="de" frequency="3"/>
   <word word="voyage" frequency="3"/>
   <word word="1799" frequency="3"/>
   <word word="army" frequency="3"/>
   <word word="into" frequency="3"/>
   <word word="part" frequency="3"/>
   <word word="society" frequency="3"/>
   <word word="george" frequency="3"/>
   <word word="richard" frequency="3"/>
   <word word="bap" frequency="3"/>
   <word word="white" frequency="3"/>
   <word word="verse" frequency="3"/>
   <word word="d" frequency="3"/>
   <word word="558" frequency="3"/>
   <word word="hope" frequency="3"/>
   <word word="do" frequency="3"/>
   <word word="carlisle" frequency="3"/>
   <word word="own" frequency="3"/>
   <word word="than" frequency="3"/>
   <word word="enough" frequency="3"/>
   <word word="should" frequency="3"/>
   <word word="ms" frequency="3"/>
   <word word="torn" frequency="3"/>
   <word word="robert" frequency="2"/>
   <word word="january" frequency="2"/>
   <word word="keswick" frequency="2"/>
   <word word="collection" frequency="2"/>
   <word word="last" frequency="2"/>
   <word word="lisbon" frequency="2"/>
   <word word="english" frequency="2"/>
   <word word="help" frequency="2"/>
   <word word="brother" frequency="2"/>
   <word word="pamphlet" frequency="2"/>
   <word word="thelwall" frequency="2"/>
   <word word="francis" frequency="2"/>
   <word word="calumnies" frequency="2"/>
   <word word="misrepresentations" frequency="2"/>
   <word word="this" frequency="2"/>
   <word word="present" frequency="2"/>
   <word word="coleridge" frequency="2"/>
   <word word="written" frequency="2"/>
   <word word="jeffray" frequency="2"/>
   <word word="amadis" frequency="2"/>
   <word word="reviewed" frequency="2"/>
   <word word="note" frequency="2"/>
   <word word="so" frequency="2"/>
   <word word="assist" frequency="2"/>
   <word word="thalaba" frequency="2"/>
   <word word="seen" frequency="2"/>
   <word word="pleasure" frequency="2"/>
   <word word="thought" frequency="2"/>
   <word word="iris" frequency="2"/>
   <word word="norwich" frequency="2"/>
   <word word="tom" frequency="2"/>
   <word word="them" frequency="2"/>
   <word word="nothing" frequency="2"/>
   <word word="being" frequency="2"/>
   <word word="are" frequency="2"/>
   <word word="two" frequency="2"/>
   <word word="whole" frequency="2"/>
   <word word="each" frequency="2"/>
   <word word="give" frequency="2"/>
   <word word="work" frequency="2"/>
   <word word="over" frequency="2"/>
   <word word="chronological" frequency="2"/>
   <word word="sea" frequency="2"/>
   <word word="ocean" frequency="2"/>
   <word word="1766" frequency="2"/>
   <word word="century" frequency="2"/>
   <word word="20" frequency="2"/>
   <word word="observations" frequency="2"/>
   <word word="trade" frequency="2"/>
   <word word="joseph" frequency="2"/>
   <word word="count" frequency="2"/>
   <word word="bengal" frequency="2"/>
   <word word="including" frequency="2"/>
   <word word="54" frequency="2"/>
   <word word="years" frequency="2"/>
   <word word="half" frequency="2"/>
   <word word="during" frequency="2"/>
   <word word="1800" frequency="2"/>
   <word word="59" frequency="2"/>
   <word word="france" frequency="2"/>
   <word word="63" frequency="2"/>
   <word word="1770" frequency="2"/>
   <word word="military" frequency="2"/>
   <word word="egypt" frequency="2"/>
   <word word="british" frequency="2"/>
   <word word="manners" frequency="2"/>
   <word word="66" frequency="2"/>
   <word word="asia" frequency="2"/>
   <word word="company" frequency="2"/>
   <word word="instituted" frequency="2"/>
   <word word="such" frequency="2"/>
   <word word="transactions" frequency="2"/>
   <word word="vol" frequency="2"/>
   <word word="1" frequency="2"/>
   <word word="201" frequency="2"/>
   <word word="called" frequency="2"/>
   <word word="arts" frequency="2"/>
   <word word="462" frequency="2"/>
   <word word="1735" frequency="2"/>
   <word word="1806" frequency="2"/>
   <word word="1752" frequency="2"/>
   <word word="ancient" frequency="2"/>
   <word word="works" frequency="2"/>
   <word word="thomas" frequency="2"/>
   <word word="546" frequency="2"/>
   <word word="1820" frequency="2"/>
   <word word="esq" frequency="2"/>
   <word word="peter" frequency="2"/>
   <word word="552" frequency="2"/>
   <word word="kirke" frequency="2"/>
   <word word="clifton" frequency="2"/>
   <word word="grove" frequency="2"/>
   <word word="sketch" frequency="2"/>
   <word word="other" frequency="2"/>
   <word word="557" frequency="2"/>
   <word word="home" frequency="2"/>
   <word word="picture" frequency="2"/>
   <word word="modern" frequency="2"/>
   <word word="582" frequency="2"/>
   <word word="583" frequency="2"/>
   <word word="owen" frequency="2"/>
   <word word="cambridge" frequency="2"/>
   <word word="book" frequency="2"/>
   <word word="articles" frequency="2"/>
   <word word="too" frequency="2"/>
   <word word="well" frequency="2"/>
   <word word="young" frequency="2"/>
   <word word="here" frequency="2"/>
   <word word="r" frequency="2"/>
   <word word="few" frequency="2"/>
   <word word="madoc" frequency="2"/>
   <word word="prints" frequency="2"/>
   <word word="shall" frequency="2"/>
   <word word="must" frequency="2"/>
   <word word="under" frequency="2"/>
   <word word="eye" frequency="2"/>
   <word word="odd" frequency="2"/>
   <word word="rather" frequency="2"/>
   <word word="bad" frequency="2"/>
   <word word="old" frequency="2"/>
   <word word="ever" frequency="2"/>
   <word word="news" frequency="2"/>
   <word word="thing" frequency="2"/>
   <word word="galatea" frequency="2"/>
   <word word="interest" frequency="2"/>
   <word word="rosemary" frequency="2"/>
   <word word="drinking" frequency="2"/>
   <word word="books" frequency="2"/>
   <word word="888" frequency="1"/>
   <word word="1804address" frequency="1"/>
   <word word="h" frequency="1"/>
   <word word="esqr" frequency="1"/>
   <word word="care" frequency="1"/>
   <word word="mr" frequency="1"/>
   <word word="guthrie" frequency="1"/>
   <word word="bookseller" frequency="1"/>
   <word word="nicholson" frequency="1"/>
   <word word="street" frequency="1"/>
   <word word="singlestamped" frequency="1"/>
   <word word="298postmark" frequency="1"/>
   <word word="ja" frequency="1"/>
   <word word="27watermark" frequency="1"/>
   <word word="1797ms" frequency="1"/>
   <word word="berg" frequency="1"/>
   <word word="new" frequency="1"/>
   <word word="york" frequency="1"/>
   <word word="librarypreviously" frequency="1"/>
   <word word="wood" frequency="1"/>
   <word word="warter" frequency="1"/>
   <word word="ed" frequency="1"/>
   <word word="selections" frequency="1"/>
   <word word="4" frequency="1"/>
   <word word="vols" frequency="1"/>
   <word word="1856" frequency="1"/>
   <word word="pp" frequency="1"/>
   <word word="250" frequency="1"/>
   <word word="252" frequency="1"/>
   <word word="dear" frequency="1"/>
   <word word="harry" frequency="1"/>
   <word word="883" frequency="1"/>
   <word word="crost" frequency="1"/>
   <word word="yours" frequency="1"/>
   <word word="road" frequency="1"/>
   <word word="noticed" frequency="1"/>
   <word word="most" frequency="1"/>
   <word word="material" frequency="1"/>
   <word word="contents" frequency="1"/>
   <word word="look" frequency="1"/>
   <word word="daily" frequency="1"/>
   <word word="say" frequency="1"/>
   <word word="concerning" frequency="1"/>
   <word word="enable" frequency="1"/>
   <word word="us" frequency="1"/>
   <word word="future" frequency="1"/>
   <word word="supplies" frequency="1"/>
   <word word="regular" frequency="1"/>
   <word word="hoping" frequency="1"/>
   <word word="uncle" frequency="1"/>
   <word word="hill" frequency="1"/>
   <word word="chaplain" frequency="1"/>
   <word word="factory" frequency="1"/>
   <word word="finance" frequency="1"/>
   <word word="medical" frequency="1"/>
   <word word="career" frequency="1"/>
   <word word="thelwalls" frequency="1"/>
   <word word="accusing" frequency="1"/>
   <word word="leading" frequency="1"/>
   <word word="attempt" frequency="1"/>
   <word word="break" frequency="1"/>
   <word word="up" frequency="1"/>
   <word word="lecture" frequency="1"/>
   <word word="misrepresenting" frequency="1"/>
   <word word="poetry" frequency="1"/>
   <word word="april" frequency="1"/>
   <word word="197" frequency="1"/>
   <word word="202" frequency="1"/>
   <word word="day" frequency="1"/>
   <word word="reachd" frequency="1"/>
   <word word="foolishly" frequency="1"/>
   <word word="foolish" frequency="1"/>
   <word word="spirit" frequency="1"/>
   <word word="impression" frequency="1"/>
   <word word="leaves" frequency="1"/>
   <word word="ones" frequency="1"/>
   <word word="mind" frequency="1"/>
   <word word="blockhead" frequency="1"/>
   <word word="scoundrel" frequency="1"/>
   <word word="discusses" frequency="1"/>
   <word word="gaul" frequency="1"/>
   <word word="5" frequency="1"/>
   <word word="october" frequency="1"/>
   <word word="109" frequency="1"/>
   <word word="136" frequency="1"/>
   <word word="p" frequency="1"/>
   <word word="127" frequency="1"/>
   <word word="tell" frequency="1"/>
   <word word="manner" frequency="1"/>
   <word word="whether" frequency="1"/>
   <word word="tone" frequency="1"/>
   <word word="depress" frequency="1"/>
   <word word="sale" frequency="1"/>
   <word word="wm" frequency="1"/>
   <word word="reviewal" frequency="1"/>
   <word word="destroyer" frequency="1"/>
   <word word="critical" frequency="1"/>
   <word word="2nd" frequency="1"/>
   <word word="series" frequency="1"/>
   <word word="39" frequency="1"/>
   <word word="december" frequency="1"/>
   <word word="369" frequency="1"/>
   <word word="379" frequency="1"/>
   <word word="gave" frequency="1"/>
   <word word="learn" frequency="1"/>
   <word word="indeed" frequency="1"/>
   <word word="perceptible" frequency="1"/>
   <word word="norfolk" frequency="1"/>
   <word word="weekly" frequency="1"/>
   <word word="advertiser" frequency="1"/>
   <word word="newspaper" frequency="1"/>
   <word word="edited" frequency="1"/>
   <word word="abuse" frequency="1"/>
   <word word="jaw" frequency="1"/>
   <word word="breakers" frequency="1"/>
   <word word="calls" frequency="1"/>
   <word word="without" frequency="1"/>
   <word word="effect" frequency="1"/>
   <word word="wants" frequency="1"/>
   <word word="purer" frequency="1"/>
   <word word="style" frequency="1"/>
   <word word="human" frequency="1"/>
   <word word="fancy" frequency="1"/>
   <word word="scarcely" frequency="1"/>
   <word word="much" frequency="1"/>
   <word word="information" frequency="1"/>
   <word word="rickman" frequency="1"/>
   <word word="only" frequency="1"/>
   <word word="men" frequency="1"/>
   <word word="knowledge" frequency="1"/>
   <word word="equal" frequency="1"/>
   <word word="minds" frequency="1"/>
   <word word="possessing" frequency="1"/>
   <word word="does" frequency="1"/>
   <word word="respect" frequency="1"/>
   <word word="inferior" frequency="1"/>
   <word word="trinity" frequency="1"/>
   <word word="living" frequency="1"/>
   <word word="greatness" frequency="1"/>
   <word word="applied" frequency="1"/>
   <word word="arthur" frequency="1"/>
   <word word="aikin" frequency="1"/>
   <word word="employment" frequency="1"/>
   <word word="third" frequency="1"/>
   <word word="success" frequency="1"/>
   <word word="second" frequency="1"/>
   <word word="another" frequency="1"/>
   <word word="parcel" frequency="1"/>
   <word word="promised" frequency="1"/>
   <word word="carrier" frequency="1"/>
   <word word="2" frequency="1"/>
   <word word="following" frequency="1"/>
   <word word="reviews" frequency="1"/>
   <word word="burney" frequency="1"/>
   <word word="discoveries" frequency="1"/>
   <word word="south" frequency="1"/>
   <word word="pacific" frequency="1"/>
   <word word="illustrated" frequency="1"/>
   <word word="charts" frequency="1"/>
   <word word="stanier" frequency="1"/>
   <word word="clarke" frequency="1"/>
   <word word="1834" frequency="1"/>
   <word word="progress" frequency="1"/>
   <word word="maritime" frequency="1"/>
   <word word="discovery" frequency="1"/>
   <word word="earliest" frequency="1"/>
   <word word="period" frequency="1"/>
   <word word="close" frequency="1"/>
   <word word="eighteenth" frequency="1"/>
   <word word="forming" frequency="1"/>
   <word word="extensive" frequency="1"/>
   <word word="system" frequency="1"/>
   <word word="hydrography" frequency="1"/>
   <word word="curtis" frequency="1"/>
   <word word="barbary" frequency="1"/>
   <word word="gum" frequency="1"/>
   <word word="senegal" frequency="1"/>
   <word word="louis" frequency="1"/>
   <word word="maria" frequency="1"/>
   <word word="o" frequency="1"/>
   <word word="hier" frequency="1"/>
   <word word="grandpré" frequency="1"/>
   <word word="1761" frequency="1"/>
   <word word="1846" frequency="1"/>
   <word word="indian" frequency="1"/>
   <word word="added" frequency="1"/>
   <word word="red" frequency="1"/>
   <word word="description" frequency="1"/>
   <word word="mocha" frequency="1"/>
   <word word="arabs" frequency="1"/>
   <word word="yemen" frequency="1"/>
   <word word="48" frequency="1"/>
   <word word="davis" frequency="1"/>
   <word word="1774" frequency="1"/>
   <word word="1854" frequency="1"/>
   <word word="four" frequency="1"/>
   <word word="united" frequency="1"/>
   <word word="states" frequency="1"/>
   <word word="america" frequency="1"/>
   <word word="1798" frequency="1"/>
   <word word="lockhart" frequency="1"/>
   <word word="muirhead" frequency="1"/>
   <word word="journals" frequency="1"/>
   <word word="parts" frequency="1"/>
   <word word="austrian" frequency="1"/>
   <word word="low" frequency="1"/>
   <word word="countries" frequency="1"/>
   <word word="pays" frequency="1"/>
   <word word="vaud" frequency="1"/>
   <word word="tuscany" frequency="1"/>
   <word word="1787" frequency="1"/>
   <word word="1789" frequency="1"/>
   <word word="charles" frequency="1"/>
   <word word="doyle" frequency="1"/>
   <word word="1842" frequency="1"/>
   <word word="non" frequency="1"/>
   <word word="made" frequency="1"/>
   <word word="officer" frequency="1"/>
   <word word="staff" frequency="1"/>
   <word word="describing" frequency="1"/>
   <word word="country" frequency="1"/>
   <word word="inhabitants" frequency="1"/>
   <word word="customs" frequency="1"/>
   <word word="wittman" frequency="1"/>
   <word word="fl" frequency="1"/>
   <word word="turkey" frequency="1"/>
   <word word="minor" frequency="1"/>
   <word word="syria" frequency="1"/>
   <word word="across" frequency="1"/>
   <word word="desert" frequency="1"/>
   <word word="turkish" frequency="1"/>
   <word word="mission" frequency="1"/>
   <word word="71" frequency="1"/>
   <word word="ann" frequency="1"/>
   <word word="blund" frequency="1"/>
   <word word="short" frequency="1"/>
   <word word="excursion" frequency="1"/>
   <word word="among" frequency="1"/>
   <word word="swiss" frequency="1"/>
   <word word="landscapes" frequency="1"/>
   <word word="79" frequency="1"/>
   <word word="80" frequency="1"/>
   <word word="isaac" frequency="1"/>
   <word word="king" frequency="1"/>
   <word word="88" frequency="1"/>
   <word word="90" frequency="1"/>
   <word word="first" frequency="1"/>
   <word word="address" frequency="1"/>
   <word word="suppression" frequency="1"/>
   <word word="vice" frequency="1"/>
   <word word="setting" frequency="1"/>
   <word word="forth" frequency="1"/>
   <word word="list" frequency="1"/>
   <word word="members" frequency="1"/>
   <word word="utility" frequency="1"/>
   <word word="necessity" frequency="1"/>
   <word word="institution" frequency="1"/>
   <word word="claim" frequency="1"/>
   <word word="support" frequency="1"/>
   <word word="187" frequency="1"/>
   <word word="missionary" frequency="1"/>
   <word word="189" frequency="1"/>
   <word word="myles" frequency="1"/>
   <word word="1756" frequency="1"/>
   <word word="1828" frequency="1"/>
   <word word="people" frequency="1"/>
   <word word="methodists" frequency="1"/>
   <word word="appendix" frequency="1"/>
   <word word="containing" frequency="1"/>
   <word word="lists" frequency="1"/>
   <word word="itinerant" frequency="1"/>
   <word word="preachers" frequency="1"/>
   <word word="testament" frequency="1"/>
   <word word="rev" frequency="1"/>
   <word word="j" frequency="1"/>
   <word word="wesley" frequency="1"/>
   <word word="213" frequency="1"/>
   <word word="godwin" frequency="1"/>
   <word word="geoffrey" frequency="1"/>
   <word word="chaucer" frequency="1"/>
   <word word="memoirs" frequency="1"/>
   <word word="gaunt" frequency="1"/>
   <word word="duke" frequency="1"/>
   <word word="lancaster" frequency="1"/>
   <word word="sketches" frequency="1"/>
   <word word="opinions" frequency="1"/>
   <word word="england" frequency="1"/>
   <word word="fourteenth" frequency="1"/>
   <word word="473" frequency="1"/>
   <word word="mason" frequency="1"/>
   <word word="earl" frequency="1"/>
   <word word="howe" frequency="1"/>
   <word word="499" frequency="1"/>
   <word word="501" frequency="1"/>
   <word word="ritson" frequency="1"/>
   <word word="engleish" frequency="1"/>
   <word word="metrical" frequency="1"/>
   <word word="romanceës" frequency="1"/>
   <word word="515" frequency="1"/>
   <word word="533" frequency="1"/>
   <word word="ellis" frequency="1"/>
   <word word="specimens" frequency="1"/>
   <word word="early" frequency="1"/>
   <word word="poets" frequency="1"/>
   <word word="3rd" frequency="1"/>
   <word word="edn" frequency="1"/>
   <word word="538" frequency="1"/>
   <word word="542" frequency="1"/>
   <word word="mant" frequency="1"/>
   <word word="1776" frequency="1"/>
   <word word="1848" frequency="1"/>
   <word word="poetical" frequency="1"/>
   <word word="warton" frequency="1"/>
   <word word="543" frequency="1"/>
   <word word="hayley" frequency="1"/>
   <word word="1745" frequency="1"/>
   <word word="posthumous" frequency="1"/>
   <word word="writings" frequency="1"/>
   <word word="cowper" frequency="1"/>
   <word word="457" frequency="1"/>
   <word word="bayley" frequency="1"/>
   <word word="1778" frequency="1"/>
   <word word="1823" frequency="1"/>
   <word word="554" frequency="1"/>
   <word word="josiah" frequency="1"/>
   <word word="walker" frequency="1"/>
   <word word="1831" frequency="1"/>
   <word word="defence" frequency="1"/>
   <word word="order" frequency="1"/>
   <word word="inquiry" frequency="1"/>
   <word word="barnes" frequency="1"/>
   <word word="rhodes" frequency="1"/>
   <word word="1772" frequency="1"/>
   <word word="1826" frequency="1"/>
   <word word="epigrams" frequency="1"/>
   <word word="woodhouse" frequency="1"/>
   <word word="norbury" frequency="1"/>
   <word word="park" frequency="1"/>
   <word word="several" frequency="1"/>
   <word word="others" frequency="1"/>
   <word word="various" frequency="1"/>
   <word word="occasions" frequency="1"/>
   <word word="tytler" frequency="1"/>
   <word word="1808" frequency="1"/>
   <word word="cape" frequency="1"/>
   <word word="559" frequency="1"/>
   <word word="luke" frequency="1"/>
   <word word="booker" frequency="1"/>
   <word word="1762" frequency="1"/>
   <word word="1835" frequency="1"/>
   <word word="calista" frequency="1"/>
   <word word="564" frequency="1"/>
   <word word="g" frequency="1"/>
   <word word="b" frequency="1"/>
   <word word="cassano" frequency="1"/>
   <word word="il" frequency="1"/>
   <word word="fiore" frequency="1"/>
   <word word="della" frequency="1"/>
   <word word="poesia" frequency="1"/>
   <word word="italiana" frequency="1"/>
   <word word="562" frequency="1"/>
   <word word="563" frequency="1"/>
   <word word="lisle" frequency="1"/>
   <word word="bowles" frequency="1"/>
   <word word="verses" frequency="1"/>
   <word word="suggested" frequency="1"/>
   <word word="magnificent" frequency="1"/>
   <word word="landscape" frequency="1"/>
   <word word="rubens" frequency="1"/>
   <word word="roberdeau" frequency="1"/>
   <word word="1754" frequency="1"/>
   <word word="1815" frequency="1"/>
   <word word="fugitive" frequency="1"/>
   <word word="prose" frequency="1"/>
   <word word="1841" frequency="1"/>
   <word word="account" frequency="1"/>
   <word word="character" frequency="1"/>
   <word word="585" frequency="1"/>
   <word word="anne" frequency="1"/>
   <word word="louise" frequency="1"/>
   <word word="germaine" frequency="1"/>
   <word word="necker" frequency="1"/>
   <word word="baroness" frequency="1"/>
   <word word="staël" frequency="1"/>
   <word word="holstein" frequency="1"/>
   <word word="1817" frequency="1"/>
   <word word="treatise" frequency="1"/>
   <word word="tr" frequency="1"/>
   <word word="643" frequency="1"/>
   <word word="650" frequency="1"/>
   <word word="asiatic" frequency="1"/>
   <word word="researches" frequency="1"/>
   <word word="enquiring" frequency="1"/>
   <word word="antiquities" frequency="1"/>
   <word word="science" frequency="1"/>
   <word word="vii" frequency="1"/>
   <word word="898" frequency="1"/>
   <word word="908" frequency="1"/>
   <word word="successful" frequency="1"/>
   <word word="1200" frequency="1"/>
   <word word="2000" frequency="1"/>
   <word word="sold" frequency="1"/>
   <word word="demand" frequency="1"/>
   <word word="still" frequency="1"/>
   <word word="unabated" frequency="1"/>
   <word word="w" frequency="1"/>
   <word word="taylors" frequency="1"/>
   <word word="withdrawn" frequency="1"/>
   <word word="heavy" frequency="1"/>
   <word word="piece" frequency="1"/>
   <word word="business" frequency="1"/>
   <word word="take" frequency="1"/>
   <word word="pride" frequency="1"/>
   <word word="mere" frequency="1"/>
   <word word="eructations" frequency="1"/>
   <word word="full" frequency="1"/>
   <word word="stomach" frequency="1"/>
   <word word="honesty" frequency="1"/>
   <word word="best" frequency="1"/>
   <word word="came" frequency="1"/>
   <word word="man" frequency="1"/>
   <word word="months" frequency="1"/>
   <word word="ago" frequency="1"/>
   <word word="boasted" frequency="1"/>
   <word word="connection" frequency="1"/>
   <word word="after" frequency="1"/>
   <word word="names" frequency="1"/>
   <word word="might" frequency="1"/>
   <word word="reach" frequency="1"/>
   <word word="draftsman" frequency="1"/>
   <word word="artist" frequency="1"/>
   <word word="believe" frequency="1"/>
   <word word="word" frequency="1"/>
   <word word="title" frequency="1"/>
   <word word="name" frequency="1"/>
   <word word="possibly" frequency="1"/>
   <word word="nicholas" frequency="1"/>
   <word word="1847" frequency="1"/>
   <word word="anthony" frequency="1"/>
   <word word="dull" frequency="1"/>
   <word word="worse" frequency="1"/>
   <word word="intolerably" frequency="1"/>
   <word word="envious" frequency="1"/>
   <word word="all" frequency="1"/>
   <word word="merit" frequency="1"/>
   <word word="draws" frequency="1"/>
   <word word="admirable" frequency="1"/>
   <word word="patience" frequency="1"/>
   <word word="accuracy" frequency="1"/>
   <word word="soon" frequency="1"/>
   <word word="batch" frequency="1"/>
   <word word="design" frequency="1"/>
   <word word="undivided" frequency="1"/>
   <word word="attention" frequency="1"/>
   <word word="correction" frequency="1"/>
   <word word="finished" frequency="1"/>
   <word word="summer" frequency="1"/>
   <word word="revising" frequency="1"/>
   <word word="publication" frequency="1"/>
   <word word="though" frequency="1"/>
   <word word="did" frequency="1"/>
   <word word="appear" frequency="1"/>
   <word word="until" frequency="1"/>
   <word word="1805" frequency="1"/>
   <word word="offered" frequency="1"/>
   <word word="longman" frequency="1"/>
   <word word="these" frequency="1"/>
   <word word="terms" frequency="1"/>
   <word word="publish" frequency="1"/>
   <word word="handsomely" frequency="1"/>
   <word word="procure" frequency="1"/>
   <word word="designs" frequency="1"/>
   <word word="content" frequency="1"/>
   <word word="share" frequency="1"/>
   <word word="eventual" frequency="1"/>
   <word word="profits" frequency="1"/>
   <word word="printing" frequency="1"/>
   <word word="improbable" frequency="1"/>
   <word word="may" frequency="1"/>
   <word word="chuse" frequency="1"/>
   <word word="place" frequency="1"/>
   <word word="pass" frequency="1"/>
   <word word="winter" frequency="1"/>
   <word word="miss" frequency="1"/>
   <word word="barker" frequency="1"/>
   <word word="whom" frequency="1"/>
   <word word="saw" frequency="1"/>
   <word word="drawings" frequency="1"/>
   <word word="taste" frequency="1"/>
   <word word="we" frequency="1"/>
   <word word="expect" frequency="1"/>
   <word word="her" frequency="1"/>
   <word word="spring" frequency="1"/>
   <word word="main" frequency="1"/>
   <word word="object" frequency="1"/>
   <word word="reader" frequency="1"/>
   <word word="giving" frequency="1"/>
   <word word="distinct" frequency="1"/>
   <word word="ideas" frequency="1"/>
   <word word="images" frequency="1"/>
   <word word="costume" frequency="1"/>
   <word word="tools" frequency="1"/>
   <word word="am" frequency="1"/>
   <word word="working" frequency="1"/>
   <word word="ere" frequency="1"/>
   <word word="heard" frequency="1"/>
   <word word="burnetts" frequency="1"/>
   <word word="fortune" frequency="1"/>
   <word word="knowing" frequency="1"/>
   <word word="polis" frequency="1"/>
   <word word="foreign" frequency="1"/>
   <word word="librarian" frequency="1"/>
   <word word="polish" frequency="1"/>
   <word word="dehortatory" frequency="1"/>
   <word word="strain" frequency="1"/>
   <word word="applying" frequency="1"/>
   <word word="proverb" frequency="1"/>
   <word word="bird" frequency="1"/>
   <word word="hand" frequency="1"/>
   <word word="militia" frequency="1"/>
   <word word="surgeonry" frequency="1"/>
   <word word="situation" frequency="1"/>
   <word word="lived" frequency="1"/>
   <word word="practice" frequency="1"/>
   <word word="fit" frequency="1"/>
   <word word="when" frequency="1"/>
   <word word="disbanded" frequency="1"/>
   <word word="edward" frequency="1"/>
   <word word="aunt" frequency="1"/>
   <word word="guess" frequency="1"/>
   <word word="try" frequency="1"/>
   <word word="beg" frequency="1"/>
   <word word="commission" frequency="1"/>
   <word word="else" frequency="1"/>
   <word word="quite" frequency="1"/>
   <word word="hopeless" frequency="1"/>
   <word word="write" frequency="1"/>
   <word word="now" frequency="1"/>
   <word word="direct" frequency="1"/>
   <word word="ship" frequency="1"/>
   <word word="hms" frequency="1"/>
   <word word="fifth" frequency="1"/>
   <word word="rate" frequency="1"/>
   <word word="32" frequency="1"/>
   <word word="gun" frequency="1"/>
   <word word="frigate" frequency="1"/>
   <word word="commissioned" frequency="1"/>
   <word word="1794" frequency="1"/>
   <word word="barbadoes" frequency="1"/>
   <word word="elsewhere" frequency="1"/>
   <word word="packets" frequency="1"/>
   <word word="go" frequency="1"/>
   <word word="monthly" frequency="1"/>
   <word word="inland" frequency="1"/>
   <word word="postage" frequency="1"/>
   <word word="paid" frequency="1"/>
   <word word="volume" frequency="1"/>
   <word word="nottingham" frequency="1"/>
   <word word="excited" frequency="1"/>
   <word word="author" frequency="1"/>
   <word word="obtaining" frequency="1"/>
   <word word="pursue" frequency="1"/>
   <word word="studies" frequency="1"/>
   <word word="graduate" frequency="1"/>
   <word word="orders" frequency="1"/>
   <word word="scotchmen" frequency="1"/>
   <word word="&lt;the" frequency="1"/>
   <word word="reviewer&gt;" frequency="1"/>
   <word word="hearts" frequency="1"/>
   <word word="recommend" frequency="1"/>
   <word word="favourable" frequency="1"/>
   <word word="wild" frequency="1"/>
   <word word="bush" frequency="1"/>
   <word word="affected" frequency="1"/>
   <word word="7" frequency="1"/>
   <word word="praises" frequency="1"/>
   <word word="herb" frequency="1"/>
   <word word="page" frequency="1"/>
   <word word="553" frequency="1"/>
   <word word="poor" frequency="1"/>
   <word word="boy" frequency="1"/>
   <word word="sickly" frequency="1"/>
   <word word="suppose" frequency="1"/>
   <word word="die" frequency="1"/>
   <word word="consumption" frequency="1"/>
   <word word="gratify" frequency="1"/>
   <word word="could" frequency="1"/>
   <word word="anyways" frequency="1"/>
   <word word="directly" frequency="1"/>
   <word word="indirectly" frequency="1"/>
   <word word="friend" frequency="1"/>
   <word word="three" frequency="1"/>
   <word word="days" frequency="1"/>
   <word word="at" frequency="1"/>
   <word word="sir" frequency="1"/>
   <word word="wilfred" frequency="1"/>
   <word word="lawsons" frequency="1"/>
   <word word="wilfrid" frequency="1"/>
   <word word="lawson" frequency="1"/>
   <word word="10th" frequency="1"/>
   <word word="baronet" frequency="1"/>
   <word word="isell" frequency="1"/>
   <word word="cumberland" frequency="1"/>
   <word word="c" frequency="1"/>
   <word word="1764" frequency="1"/>
   <word word="where" frequency="1"/>
   <word word="hours" frequency="1"/>
   <word word="hard" frequency="1"/>
   <word word="somewhat" frequency="1"/>
   <word word="hurt" frequency="1"/>
   <word word="rejoiced" frequency="1"/>
   <word word="relapse" frequency="1"/>
   <word word="regularity" frequency="1"/>
   <word word="&lt;with&gt;" frequency="1"/>
   <word word="speedily" frequency="1"/>
   <word word="recovered" frequency="1"/>
   <word word="xxx" frequency="1"/>
   <word word="brought" frequency="1"/>
   <word word="uncommonly" frequency="1"/>
   <word word="expensive" frequency="1"/>
   <word word="valuable" frequency="1"/>
   <word word="one" frequency="1"/>
   <word word="ragged" frequency="1"/>
   <word word="regiments" frequency="1"/>
   <word word="guts" frequency="1"/>
   <word word="brains" frequency="1"/>
   <word word="gentlemen" frequency="1"/>
   <word word="laced" frequency="1"/>
   <word word="jackets" frequency="1"/>
   <word word="god" frequency="1"/>
   <word word="bless" frequency="1"/>
   <word word="jany" frequency="1"/>
</wordcount>
