<?xml version="1.0" encoding="utf-8"?>
<TEI xmlns="http://www.tei-c.org/ns/1.0">
   <teiHeader>
      <fileDesc>
         <titleStmt>
            <title type="main">The Collected Letters of Robert Southey. Part 3: 1804-1809 </title>
            <title type="subordinate">A Romantic Circles Electronic Edition</title>
            <author>
               <name>Southey, Robert, 1774-1843</name>
            </author>
            <editor>Lynda Pratt</editor>
            <sponsor>Romantic Circles</sponsor>
            <respStmt>
               <resp>General Editor, </resp>
               <name>Neil Fraistat</name>
            </respStmt>
            <respStmt>
               <resp>General Editor, </resp>
               <name>Steven E. Jones</name>
            </respStmt>
            <respStmt>
               <resp>Technical Editor</resp>
               <name>Laura Mandell</name>
            </respStmt>
         </titleStmt>
         <editionStmt>
            <edition>
               <date>2013-05-27</date>
            </edition>
         </editionStmt>
         <publicationStmt>
            <publisher>Romantic Circles, http://www.rc.umd.edu, University of Maryland</publisher>
            <pubPlace>College Park, MD</pubPlace>
            <date when="2013-05-27">May 27, 2013</date>
            <availability status="restricted">
               <p>Material from the Romantic Circles Website may not be downloaded, reproduced or
                  disseminated in any manner without authorization unless it is for purposes of
                  criticism, comment, news reporting, teaching, and/or classroom use as provided by
                  the Copyright Act of 1976, as amended.</p>
               <p>Unless otherwise noted, all Pages and Resources mounted on Romantic Circles are
                  copyrighted by the author/editor and may be shared only in accordance with the
                  Fair Use provisions of U.S. copyright law. Except as expressly permitted by this
                  statement, redistribution or republication in any medium requires express prior
                  written consent from the author/editors and advance notification of Romantic
                  Circles. Any requests for authorization should be forwarded to Romantic
                  Circles:&gt; <address>
                     <addrLine>Romantic Circles</addrLine>
                     <addrLine>c/o Professor Neil Fraistat</addrLine>
                     <addrLine>Department of English</addrLine>
                     <addrLine>University of Maryland</addrLine>
                     <addrLine>College Park, MD 20742</addrLine>
                     <addrLine>fraistat@umd.edu</addrLine>
                  </address>
               </p>
               <p>By their use of these texts and images, users agree to the following conditions: <list>
                     <item>These texts and images may not be used for any commercial purpose without
                        prior written permission from Romantic Circles.</item>
                     <item>These texts and images may not be re-distributed in any forms other than
                        their current ones.</item>
                  </list>
               </p>
               <p>Users are not permitted to download these texts and images in order to mount them
                  on their own servers. It is not in our interest or that of our users to have
                  uncontrolled subsets of our holdings available elsewhere on the Internet. We make
                  corrections and additions to our edited resources on a continual basis, and we
                  want the most current text to be the only one generally available to all Internet
                  users. Institutions can, of course, make a link to the copies at Romantic Circles,
                  subject to our conditions of use.</p>
            </availability>
            <idno type="edition">letterEEd.26.888</idno>
            <idno type="nines">rce2010</idno>
         </publicationStmt>
         <sourceDesc>
            <p>Berg Collection, New York Public Library. Previously published: John Wood Warter
               (ed.), Selections from the Letters of Robert Southey, 4 vols (London, 1856), I, pp.
               250–252.</p>
            <p>These letters were edited with the assistance of Carol Bolton, Tim Fulford and Ian
               Packer</p>
            <p>For permission to publish the text of MSS in their possession, the editor wishes to
               thank the Beinecke Rare Books and Manuscript Library, Yale University; Berg
               Collection of English and American Literature, The New York Public Library, Astor,
               Lenox and Tilden Foundations; the Bodleian Library Oxford University; the British
               Library; Boston Public Library; the Syndics of Cambridge University Library; the
               Syndics of the Fitzwilliam Museum Cambridge; Haverford College, Connecticut; the
               Historical Society of Pennsylvania; the Hornby Library, Liverpool Libraries and
               Information Services; the Houghton Library, Harvard University; the John Rylands
               Library, Manchester; the Kenneth Spencer Research Library, University of Kansas;
               Luton Museum (Bedfordshire County Council); Massachusetts Historical Society; McGill
               University Library; the National Library of Scotland; the Newberry Library, Chicago;
               the New York Public Library (Pforzheimer Collections); the Pierpont Morgan Library,
               New York; the Public Record Offices of Bedford, Suffolk (Bury St Edmunds) and
               Northumberland, the Master and Fellows of Trinity College, Cambridge; the Society of
               Antiquaries of Newcastle upon Tyne; the Trustees of the William Salt Library,
               Stafford, the Wisbech and Fenland Museum; the University of Virginia Library.</p>
            <p>A research grant from the British Academy made much of the archival work possible, as
               did support from the English Department of Nottingham Trent University.</p>
         </sourceDesc>
      </fileDesc>
      <encodingDesc>
         <editorialDecl>
            <hyphenation eol="none">
               <p>Any dashes occurring in line breaks have been removed.</p>
               <p>Because of web browser variability, all hyphens have been typed on the U.S.
                  keyboard.</p>
               <p>Dashes have been rendered as a variable number of hyphens to give a more exact
                  rendering of their length.</p>
            </hyphenation>
            <normalization method="markup">
               <p>Southey’s spelling has not been regularized.</p>
               <p>Writing in other hands appearing on these manuscripts has been indicated as such,
                  the content recorded in brackets.</p>
            </normalization>
            <normalization>
               <p>&amp; has been used for the ampersand sign.</p>
               <p>£ has been used for £, the pound sign</p>
               <p>All other characters, those with accents, non-breaking spaces, etc., have been
                  encoded in HTML entity decimals.</p>
            </normalization>
         </editorialDecl>
         <classDecl>
            <taxonomy
               corresp="http://www.performantsoftware.com/nines_wiki/index.php/Submitting_RDF#.3Cnines:genre.3E"
               xml:id="g">
               <bibl>NINES categories for Genre and Material Form at
                  http://www.performantsoftware.com/nines_wiki/index.php/Submitting_RDF#.3Cnines:genre.3E
                  on 2009-02-26</bibl>
               <category xml:id="g1">
                  <catDesc>Architecture</catDesc>
               </category>
               <category xml:id="g2">
                  <catDesc>Artifacts</catDesc>
               </category>
               <category xml:id="g3">
                  <catDesc>Bibliography</catDesc>
               </category>
               <category xml:id="g4">
                  <catDesc>Collection</catDesc>
               </category>
               <category xml:id="g5">
                  <catDesc>Criticism</catDesc>
               </category>
               <category xml:id="g7">
                  <catDesc>Letters</catDesc>
               </category>
               <category xml:id="g6">
                  <catDesc>Drama</catDesc>
               </category>
               <category xml:id="g8">
                  <catDesc>Life Writing</catDesc>
               </category>
               <category xml:id="g9">
                  <catDesc>Politics</catDesc>
               </category>
               <category xml:id="g10">
                  <catDesc>Folklore</catDesc>
               </category>
               <category xml:id="g11">
                  <catDesc>Ephemera</catDesc>
               </category>
               <category xml:id="g12">
                  <catDesc>Fiction</catDesc>
               </category>
               <category xml:id="g13">
                  <catDesc>History</catDesc>
               </category>
               <category xml:id="g14">
                  <catDesc>Leisure</catDesc>
               </category>
               <category xml:id="g15">
                  <catDesc>Manuscript</catDesc>
               </category>
               <category xml:id="g16">
                  <catDesc>Reference Works</catDesc>
               </category>
               <category xml:id="g17">
                  <catDesc>Humor</catDesc>
               </category>
               <category xml:id="g18">
                  <catDesc>Education</catDesc>
               </category>
               <category xml:id="g19">
                  <catDesc>Music</catDesc>
               </category>
               <category xml:id="g20">
                  <catDesc>nonfiction</catDesc>
               </category>
               <category xml:id="g21">
                  <catDesc>Paratext</catDesc>
               </category>
               <category xml:id="g22">
                  <catDesc>Perodical</catDesc>
               </category>
               <category xml:id="g23">
                  <catDesc>Philosphy</catDesc>
               </category>
               <category xml:id="g24">
                  <catDesc>Photograph</catDesc>
               </category>
               <category xml:id="g25">
                  <catDesc>Citation</catDesc>
               </category>
               <category xml:id="g26">
                  <catDesc>Family Life</catDesc>
               </category>
               <category xml:id="g27">
                  <catDesc>Poetry</catDesc>
               </category>
               <category xml:id="g28">
                  <catDesc>Religion</catDesc>
               </category>
               <category xml:id="g29">
                  <catDesc>Review</catDesc>
               </category>
               <category xml:id="g30">
                  <catDesc>Visual Art</catDesc>
               </category>
               <category xml:id="g31">
                  <catDesc>Translation</catDesc>
               </category>
               <category xml:id="g32">
                  <catDesc>Travel</catDesc>
               </category>
               <category xml:id="g33">
                  <catDesc>Book History</catDesc>
               </category>
               <category xml:id="g34">
                  <catDesc>Law</catDesc>
               </category>
            </taxonomy>
            <taxonomy corresp="http://www.rc.umd.edu/southey_letters/people.xml">
               <category xml:id="people">
                  <catDesc>Southey Letters: Biographies</catDesc>
               </category>
            </taxonomy>
            <taxonomy corresp="http://www.rc.umd.edu/southey_letters/places.xml">
               <category xml:id="places">
                  <catDesc>Southey Letters: Places</catDesc>
               </category>
            </taxonomy>
         </classDecl>
      </encodingDesc>
      <profileDesc>
         <textClass>
            <catRef scheme="#genre" target="#g7 #g27"/>
            <catRef scheme="#people" target="./people.html"/>
            <catRef scheme="#places" target="./places.html"/>
         </textClass>
      </profileDesc>
      <revisionDesc>
         <change who="#LM" when="2013-05-27" n="8">
            <label>Changed by</label>
            <name>Laura Mandell</name>
            <list>
               <item>Ran Transforms after final proofing Southey Part 4</item>
            </list>
         </change>
         <change who="#LM" when="2013-04-22" n="7">
            <label>Changed by</label>
            <name>Laura Mandell</name>
            <list>
               <item>Ran Transforms after proofing Southey Part 4</item>
            </list>
         </change>
         <change n="6" when="2013-02-01" who="#LM">
            <label>Changed by</label>
            <name>Laura Mandell</name>
            <list>
               <item>Ran Transforms for proofing Southey Part 4</item>
            </list>
         </change>
         <change n="5" when="2012-01-15" who="#LM">
            <label>Changed by</label>
            <name>Laura Mandell</name>
            <list>
               <item>Ran Transforms for proof copies of Southey Part 4</item>
            </list>
         </change>
         <change who="#DR" when="2011-12-02" n="4">
            <label>Changed by</label>
            <name>David Rettenmaier</name>
            <list>
               <item>Transforms for Southey Part 4</item>
            </list>
         </change>
         <change who="#AB" when="2010-08-15" n="3">
            <label>Changed by</label>
            <name>Averill Buchanan</name>
            <list>
               <item>corrections from proofing</item>
            </list>
         </change>
         <change who="#LM" when="2010-07-22" n="2">
            <label>Changed by</label>
            <name xml:id="LM">Laura Mandell</name>
            <list>
               <item>XSLT Transforming</item>
            </list>
         </change>
         <change who="#AB" when="2010-06-27" n="1">
            <label>Changed by</label>
            <name xml:id="AB">Averill Buchanan</name>
            <list>
               <item>TEI Encoding</item>
            </list>
         </change>
      </revisionDesc>
   </teiHeader>
   <text>
      <body>
         <div n="888" type="letter">
            <head>888. Robert Southey to <ref type="a" target="people.html#SoutheyHenryHerbert"
                  >Henry Herbert Southey</ref>, <date when="1804-01-23">23 January 1804</date>
               <note type="headnote" place="foot" resp="editors">Address: For/ H. Herbert Southey
                     Esq<hi rend="sup">r</hi>/ to the care of <ref type="m"
                     target="people.html#GuthrieJohn">Mr Guthrie</ref> – Bookseller/ Nicholson
                  Street/ Edinburgh./ Single<lb/>Stamped: KESWICK/ 298<lb/>Postmark: JA/ 1804/
                  27<lb/>Watermark: 1797<lb/>MS: Berg Collection, New York Public
                  Library<lb/>Previously published: John Wood Warter (ed.), <title>Selections from
                     the Letters of Robert Southey</title>, 4 vols (London, 1856), I, pp.
                  250–252.</note>
            </head>
            <opener>
               <salute>Dear Harry</salute>
            </opener>
            <p rend="indent1"> My last letter<note n="1" place="foot" resp="editors"> See Southey to
                  Henry Herbert Southey, [12 January 1804], Letter 883.</note> crost yours upon the
               road, &amp; had noticed its most material contents. I look daily for letters from
               Lisbon which will say something concerning you &amp; enable us to make your future
               supplies regular &amp; certain.<note n="2" place="foot" resp="editors"> Southey was
                  hoping that his uncle <ref type="m" target="people.html#HillHerbertUncle">Herbert
                     Hill</ref>, chaplain to the English Factory in Lisbon, would help finance his
                  brother’s medical career.</note>
            </p>
            <p rend="indent1">
               <ref type="m" target="people.html#ThelwallJohn">Thelwalls</ref> pamphlet<note n="3"
                  place="foot" resp="editors"> In 1804, John Thelwall published a <title>Letter to
                     Francis Jeffrey on Certain Calumnies and Misrepresentations in the ‘Edinburgh
                     Review’</title> accusing <ref type="m" target="people.html#JeffreyFrancis"
                     >Jeffrey</ref> of leading an attempt to break up his lecture in Edinburgh, and
                  of misrepresenting his poetry in the <title>Edinburgh Review</title>, 3 (April
                  1803), 197–202.</note> has this day reachd Keswick as a present to <ref type="m"
                  target="people.html#ColeridgeSamuelTaylor">Coleridge</ref>. he has written very
               foolishly &amp; in a very foolish spirit, but the impression which the pamphlet
               leaves upon ones mind is that tho he is a blockhead, <ref type="m"
                  target="people.html#JeffreyFrancis">Jeffray</ref> is a scoundrel. I see by it that
               my Amadis has been reviewed<note n="4" place="foot" resp="editors"> Thelwall
                  discusses the review of Southey’s <title>Amadis of Gaul</title> (1803), in the
                     <title>Edinburgh Review</title>, 5 (October 1803), 109–136; see <title>Letter
                     to Francis Jeffrey on Certain Calumnies and Misrepresentations in the
                     ‘Edinburgh Review’</title> (Edinburgh, 1804), p. 127 (note).</note> – tell me
               in your next in what manner – that is whether so as by its tone to assist or depress
               the sale. <ref type="m" target="people.html#TaylorWilliam">Wm Taylor</ref> wrote the
               reviewal of Thalaba<note n="5" place="foot" resp="editors"> William Taylor reviewed
                     <title>Thalaba the Destroyer</title> (1801) in the <title>Critical
                     Review</title>, 2nd series, 39 (December 1803), 369–379.</note> which I have
               not yet seen. it gave me pleasure to learn by your letter as indeed I have thought
               perceptible in the Iris,<note n="6" place="foot" resp="editors">
                  <title>The Iris; or, Norwich and Norfolk Weekly Advertiser</title>, the Norwich
                  newspaper edited, from 1803–1804, by Taylor.</note> that my abuse of his
               jaw-breakers, as <ref type="m" target="people.html#SoutheyTom">Tom</ref> calls them,
               has not been without effect. he wants nothing but a purer style. no human being has
               more fancy, &amp; scarcely any so much information. <ref type="m"
                  target="people.html#ColeridgeSamuelTaylor">Coleridge</ref> &amp; <ref type="m"
                  target="people.html#RickmanJohn">Rickman</ref> are the only two men in my
               knowledge who equal him in the whole of their minds, each possessing something which
               he does not, &amp; each in some respect his inferior. They make my Trinity of living
               greatness.</p>
            <p rend="indent1"> I have applied to <ref type="m" target="people.html#AikinArthur"
                  >Arthur Aikin</ref> to give you some employment in the third Annual, with what
               success is yet to be seen. my work for the second is not yet over, another parcel
               being promised me by the next carrier.<note n="7" place="foot" resp="editors"> The
                     <title>Annual Review for 1803</title>, 2 (1804), in which Southey wrote the
                  following reviews: James Burney, <title>A Chronological History of the Discoveries
                     in the South Sea or Pacific Ocean ... Illustrated with Charts</title> (1803),
                  3–12; James Stanier Clarke (1766–1834; <title>DNB</title>), <title>The Progress of
                     Maritime Discovery, from the Earliest Period to the Close of the Eighteenth
                     Century, Forming an Extensive System of Hydrography</title> (1803), 12–20;
                  James Curtis (dates unknown), <title>A Journal of Travels in Barbary in 1801 ...
                     With Observations on the Gum Trade of Senegal</title> (1803), 20–23; Louis
                  Maria Joseph, Count O’Hier de Grandpré (1761–1846), <title>A Voyage in the Indian
                     Ocean, and to Bengal ... To Which is Added a Voyage in the Red Sea, Including a
                     Description of Mocha, and of the Trade of the Arabs of Yemen</title> (1803),
                  48–54; John Davis (1774–1854), <title>Travels of Four Years and a Half in the
                     United States of America, During 1798, 1799, 1800, 1801, and 1802</title>
                  (1803), 54–59; Lockhart Muirhead (dates unknown), <title>Journals of Travels in
                     Parts of the Late Austrian Low Countries, France, the Pays de Vaud and Tuscany
                     in 1787 and 1789</title> (1803), 59–63; Charles William Doyle (1770–1842),
                     <title>A Non-Military Journal; Or, Observations Made in Egypt, by an Officer
                     upon the Staff of the British Army: Describing the Country, its Inhabitants,
                     their Manners and Customs</title> (1803), 63–66; William Wittman (fl.
                  1799–1804), <title>Travels in Turkey, Asia Minor, Syria, and Across the Desert
                     into Egypt During the Years 1799, 1800, and 1801, in Company with the Turkish
                     Army and the British Military Mission</title> (1803), 66–71; [Ann Blund (dates
                  unknown)], <title>Journal of a Short Excursion among the Swiss Landscapes</title>
                  (1803), 79–80; Isaac King (dates unknown), <title>Letters from France</title>
                  (1803), 88–90; <title>Part the First of An Address to the Public from the Society
                     for the Suppression of Vice, Instituted, in London, 1802, Setting Forth, with a
                     List of the Members, the Utility and Necessity of such an Institution, and its
                     Claim to Public Support</title> (1803), 187; <title>Transactions of the
                     Missionary Society</title> (Vol. 1, 1803), 189–201; William Myles (1756–1828),
                     <title>A Chronological History of the People called Methodists ... With an
                     Appendix, Containing Two Lists of the Itinerant Preachers ... With the Last
                     Will and Testament of the Rev. J. Wesley</title> (1803), 201–213; William
                  Godwin, <title>Life of Geoffrey Chaucer ... Including Memoirs of ... John of
                     Gaunt, Duke of Lancaster; with Sketches of the Manners, Opinions, Arts and
                     Literature of England in the Fourteenth Century</title> (1803), 462–473; George
                  Mason (1735–1806; <title>DNB</title>), <title>The Life of Richard Earl
                     Howe</title> (1803), 499–501; Joseph Ritson (1752–1803; <title>DNB</title>),
                     <title>Ancient Engleish Metrical Romanceës</title> (1802), 515–533; George
                  Ellis, <title>Specimens of the Early English Poets</title> (3rd edn 1803),
                  538–542; Richard Mant (1776–1848; <title>DNB</title>), <title>The Poetical Works
                     of the Late Thomas Warton</title> (1802), 543–546; William Hayley (1745–1820;
                     <title>DNB</title>), <title>The Life and Posthumous Writings of William Cowper,
                     Esq.</title> (1803), 457–462; Peter Bayley (bap. 1778–1823;
                  <title>DNB</title>), <title>Poems</title> (1803), 546–552; Henry Kirke White,
                     <title>Clifton Grove, a Sketch in Verse, with other Poems</title> (1803),
                  552–554; Josiah Walker (d. 1831), <title>The Defence of Order, a Poem</title>
                  (1803), 557; <title>The Inquiry. Part 1</title>, 557–558; William Barnes Rhodes
                  (1772–1826; <title>DNB</title>), <title>Epigrams</title> (1803), 558; James
                  Woodhouse (bap. 1735–1820), <title>Norbury Park, a Poem with Several Others
                     Written on Various Occasions</title> (1803), 558; Henry William Tytler
                  (1752/3–1808), <title>The Voyage Home from the Cape of Good Hope</title> (1803),
                  559; Luke Booker (1762–1835; <title>DNB</title>), <title>Calista, or a Picture of
                     Modern Life, a Poem</title> (1803), 564; D. A. G. B. Cassano (dates unknown),
                     <title>Il Fiore della Poesia Italiana</title> (1802), 562–563; William Lisle
                  Bowles, <title>The Picture, Verses Suggested by a Magnificent Landscape of
                     Rubens</title> (1803), 582; John Peter Roberdeau (bap. 1754–1815),
                     <title>Fugitive Verse and Prose</title> (1803), 582–583; George Owen Cambridge
                  (d. 1841), <title>Works of Richard Owen Cambridge, Esq. with an Account of his
                     Life and Character</title> (1803), 583–585; Anne-Louise-Germaine Necker,
                  Baroness de Staël-Holstein (1766–1817), <title>A Treatise of Ancient and Modern
                     Literature</title> (tr. 1803), 643–650; <title>Asiatic Researches; or
                     Transactions of the Society Instituted in Bengal for Enquiring into the History
                     and Antiquities, the Arts, Science and Literature of Asia</title> (vol. VII,
                  1803), 898–908.</note> The book has been very successful, 1200 of 2000 sold, &amp;
               the demand still unabated. yet if <ref type="m" target="people.html#TaylorWilliam">W
                  Taylors</ref> articles had been withdrawn it had been but a heavy piece of
               business! I take too little pleasure &amp; too little pride in such work to do it
               well. – what there is good in my articles are the mere eructations from a full
               stomach. their honesty is their best part.</p>
            <p rend="indent1"> There came a young man here some months ago who boasted of some
               connection with the Edinburgh R. after I had called <ref type="m"
                  target="people.html#JeffreyFrancis">Jeffray</ref> a few names in the hope that
               they might reach him. he is a draftsman – (artist I believe is the present
                  <del>word</del> title) Carlisle his name<note n="8" place="foot" resp="editors">
                  Possibly Nicholas Carlisle (1770–1847), half-brother of <ref type="m"
                     target="people.html#CarlisleAnthony">Anthony Carlisle</ref>.</note> – I thought
               him very dull &amp; what was worse intolerably envious of all merit – but he draws
               with admirable patience &amp; accuracy.</p>
            <p rend="indent1"> As soon as the next batch is over it is my design to give an
               undivided attention to Madoc, the correction of which will be finished by the
                  summer.<note n="9" place="foot" resp="editors"> Southey was revising
                     <title>Madoc</title> for publication, though it did not appear until
                  1805.</note> I have offered it to <ref type="m" target="people.html#LongmanThomas"
                  >Longman</ref> on these terms – that if he will publish it handsomely &amp; with
               prints (for which I shall procure designs) I shall be content to share his eventual
               profits. As the printing must be under my own eye it is not improbable that I may
               chuse Edinburgh for the place &amp; pass my next winter there. <ref type="m"
                  target="people.html#BarkerMary">Miss Barker</ref> (whom you saw in London) will
               make the drawings to my own taste, for they will be under my own eye, as we expect
               her here in the spring. The main object is to assist the reader by giving him
               distinct <del>ideas</del> images of the costume – of the tools with which I am
               working.</p>
            <p rend="indent1"> You have ere this heard of <ref type="m"
                  target="people.html#BurnettGeorge">Burnetts</ref> odd fortune, odd rather than
               good, for knowing nothing of <del>Polis</del> foreign literature he will make but a
               bad librarian to a Polish Count. I wrote to him in rather a dehortatory strain,
               applying the old proverb of the Bird in hand. A militia surgeonry was no bad
               situation for him, as he lived well &amp; would have had practice enough to make him
               fit for something when ever he should be disbanded. Of <ref type="m"
                  target="people.html#SoutheyEdward">Edward</ref> no news – which is good news. his
                  <ref type="m" target="people.html#TylerElizabeth">Aunt</ref> will, I guess, try to
               beg a commission for him; – that he should ever be good for any thing else is quite
               hopeless. To <ref type="m" target="people.html#SoutheyTom">Tom</ref> you <hi
                  rend="ital">should</hi> write, &amp; must now direct – Galatea,<note n="10"
                  place="foot" resp="editors"> Thomas Southey’s ship, HMS <hi rend="ital"
                     >Galatea</hi>, a fifth-rate 32-gun frigate commissioned in 1794.</note>
               Barbadoes, <hi rend="ital">or elsewhere</hi>. the packets go monthly &amp; no inland
               postage is to be paid.</p>
            <p rend="indent1"> A little volume of Poems by <ref type="m"
                  target="people.html#WhiteHenryKirke">Henry Kirke White</ref> of Nottingham has
               excited some interest in me for the author, who is very young &amp; has published
               them in the hope of obtaining help to pursue his studies, &amp; graduate for orders.
               if you have interest enough with the Scotchmen &lt;the Reviewer&gt;, &amp; if they
               have hearts enough to do any thing good – do recommend the book to their favourable
               [MS torn] there is a wild little poem there to a Rosemary-bush which affected
                  me.<note n="11" place="foot" resp="editors"> In Southey’s review of White’s
                     <title>Clifton Grove, a Sketch in Verse, with Other Poems</title> (1803), in
                  the <title>Annual Review</title> (see note 7) he praises ‘To the Herb, Rosemary’
                  on page 553.</note> the poor boy is sickly, &amp; will I suppose die of
               consumption. I [MS torn] not, but it would gratify me if I could anyways directly or
               indirectly [MS torn] him. in the Annual I have been his friend.</p>
            <p rend="indent1"> I have been three days at Sir Wilfred Lawsons,<note n="13"
                  place="foot" resp="editors"> Wilfrid Lawson, 10th Baronet of Isell, Cumberland (c.
                  1764–1806).</note> where company, late hours, &amp; late drinking, tho not hard
               drinking, somewhat hurt me, &amp; I rejoiced to relapse into my old regularity
               &lt;with&gt; which I speedily recovered. <del>xxx</del> I brought home a few of his
               books – but his collection tho uncommonly expensive is not valuable – it is more of
               prints than books; one of my ragged regiments have more guts in their brains than a
               whole army of his gentlemen in laced jackets.</p>
            <closer>
               <salute rend="indent1"> God bless you.</salute>
               <signed rend="indent2"> R. S.</signed>
            </closer>
            <postscript>
               <p>
                  <date when="1804-01-23">Jan<hi rend="sup">y</hi>. 23. 1804</date>
               </p>
            </postscript>
         </div>
      </body>
   </text>
</TEI>
